City_ID,City,Lat,Lng,Max Temp,Humidity,Cloudiness,Wind Speed,Country,Date
0,berdyansk,46.7503,36.7944,282.37,81,64,2.05,UA,1969-12-31 19:00:01.682292924-05:00
1,fuxin,42.0156,121.6589,284.61,11,9,2.93,CN,1969-12-31 19:00:01.682292924-05:00
2,west island,-12.1568,96.8225,300.14,89,40,4.63,CC,1969-12-31 19:00:01.682292926-05:00
3,bethel,41.3712,-73.414,287.6,75,75,2.06,US,1969-12-31 19:00:01.682292926-05:00
4,port-aux-francais,-49.35,70.2167,277.22,62,69,14.46,TF,1969-12-31 19:00:01.682292926-05:00
5,mar del plata,-38.0023,-57.5575,289.79,88,6,0.45,AR,1969-12-31 19:00:01.682292753-05:00
6,athens,37.9795,23.7162,288.93,74,20,0.89,GR,1969-12-31 19:00:01.682292604-05:00
7,tanda,26.55,82.65,297.53,28,95,2.91,IN,1969-12-31 19:00:01.682292928-05:00
8,itoman,26.1247,127.6694,296.58,78,20,6.17,JP,1969-12-31 19:00:01.682292928-05:00
9,nova sintra,14.8667,-24.7167,293.55,74,4,9.44,CV,1969-12-31 19:00:01.682292928-05:00
10,margaret river,-33.95,115.0667,286.92,66,84,7.68,AU,1969-12-31 19:00:01.682292930-05:00
11,gaoual,11.75,-13.2,301.76,42,6,2.09,GN,1969-12-31 19:00:01.682292931-05:00
12,ecoporanga,-18.3733,-40.8306,293.91,85,83,3.5,BR,1969-12-31 19:00:01.682292931-05:00
13,adamstown,-25.066,-130.1015,297.41,90,100,8.76,PN,1969-12-31 19:00:01.682292931-05:00
14,georgetown,5.4112,100.3354,299.11,93,20,0.51,MY,1969-12-31 19:00:01.682292580-05:00
15,edinburgh of the seven seas,-37.0676,-12.3116,288.59,70,100,12.43,SH,1969-12-31 19:00:01.682292932-05:00
16,punta arenas,-53.15,-70.9167,280.21,65,0,3.6,CL,1969-12-31 19:00:01.682292712-05:00
17,talnakh,69.4865,88.3972,271.6,86,81,3.28,RU,1969-12-31 19:00:01.682292932-05:00
18,anadyr,64.75,177.4833,268.43,85,20,14.0,RU,1969-12-31 19:00:01.682292933-05:00
19,puerto natales,-51.7236,-72.4875,279.89,93,100,1.11,CL,1969-12-31 19:00:01.682292934-05:00
20,quellon,-43.1167,-73.6167,280.29,93,0,0.0,CL,1969-12-31 19:00:01.682292934-05:00
21,lompoc,34.6391,-120.4579,293.71,80,100,10.8,US,1969-12-31 19:00:01.682292934-05:00
22,collingwood,44.4834,-80.2164,278.92,83,90,0.51,CA,1969-12-31 19:00:01.682292935-05:00
23,chonchi,-42.6128,-73.8092,282.71,96,51,0.34,CL,1969-12-31 19:00:01.682292935-05:00
24,kidal,18.4411,1.4078,303.23,13,68,3.93,ML,1969-12-31 19:00:01.682292935-05:00
25,invercargill,-46.4,168.35,284.83,82,81,0.89,NZ,1969-12-31 19:00:01.682292936-05:00
26,port mathurin,-19.6833,63.4167,299.4,80,22,8.48,MU,1969-12-31 19:00:01.682292936-05:00
27,waitangi,-43.9535,-176.5597,285.83,89,100,1.79,NZ,1969-12-31 19:00:01.682292937-05:00
28,flying fish cove,-10.4217,105.6791,299.98,81,27,7.09,CX,1969-12-31 19:00:01.682292937-05:00
29,uturoa,-16.7333,-151.4333,301.03,77,95,4.34,PF,1969-12-31 19:00:01.682292937-05:00
30,iqaluit,63.7506,-68.5145,273.0,100,100,3.6,CA,1969-12-31 19:00:01.682292938-05:00
31,ende,-8.8432,121.6623,300.25,83,21,0.61,ID,1969-12-31 19:00:01.682292938-05:00
32,freetown,8.484,-13.2299,299.86,81,14,3.03,SL,1969-12-31 19:00:01.682292938-05:00
33,yellowknife,62.456,-114.3525,283.44,40,20,2.57,CA,1969-12-31 19:00:01.682292698-05:00
34,stanley,54.868,-1.6985,277.75,88,40,5.14,GB,1969-12-31 19:00:01.682292824-05:00
35,tiksi,71.6872,128.8694,265.0,93,67,1.79,RU,1969-12-31 19:00:01.682292940-05:00
36,happy valley-goose bay,53.3168,-60.3315,279.32,65,20,1.54,CA,1969-12-31 19:00:01.682292940-05:00
37,luderitz,-26.6481,15.1594,289.98,64,100,2.26,NA,1969-12-31 19:00:01.682292941-05:00
38,lihue,21.9789,-159.3672,299.73,75,40,3.6,US,1969-12-31 19:00:01.682292942-05:00
39,lodja,-3.4833,23.4333,292.67,100,100,0.75,CD,1969-12-31 19:00:01.682292942-05:00
40,leshan,29.5623,103.7639,285.39,76,99,1.15,CN,1969-12-31 19:00:01.682292942-05:00
41,ushuaia,-54.8,-68.3,279.96,53,20,2.57,AR,1969-12-31 19:00:01.682292942-05:00
42,opuwo,-18.0607,13.84,293.04,60,29,1.67,NA,1969-12-31 19:00:01.682292942-05:00
43,grytviken,-54.2811,-36.5092,276.05,95,100,5.47,GS,1969-12-31 19:00:01.682292943-05:00
44,atafu village,-8.5421,-172.5159,301.9,72,31,1.79,TK,1969-12-31 19:00:01.682292943-05:00
45,pisco,-13.7,-76.2167,296.18,78,0,6.17,PE,1969-12-31 19:00:01.682292816-05:00
46,fale old settlement,-9.3852,-171.2468,301.85,73,19,2.43,TK,1969-12-31 19:00:01.682292943-05:00
47,oranjemund,-28.55,16.4333,289.87,64,100,2.46,NA,1969-12-31 19:00:01.682292943-05:00
48,puerto ayora,-0.7393,-90.3518,299.57,88,56,2.68,EC,1969-12-31 19:00:01.682292943-05:00
49,tanumah,27.1,44.1333,297.1,41,56,4.6,SA,1969-12-31 19:00:01.682292943-05:00
50,fort bragg,35.139,-79.006,295.47,40,75,3.6,US,1969-12-31 19:00:01.682292944-05:00
51,hermanus,-34.4187,19.2345,291.37,93,100,4.01,ZA,1969-12-31 19:00:01.682292944-05:00
52,la passe,45.5549,-0.8967,284.28,83,13,5.1,FR,1969-12-31 19:00:01.682292944-05:00
53,smithers,54.7804,-127.1743,280.33,87,100,3.6,CA,1969-12-31 19:00:01.682292944-05:00
54,longjiang,47.3303,123.1836,282.84,12,16,2.61,CN,1969-12-31 19:00:01.682292944-05:00
55,acapulco de juarez,16.8634,-99.8901,303.05,66,75,2.06,MX,1969-12-31 19:00:01.682292712-05:00
56,balikesir,39.75,28.0,278.13,100,0,0.0,TR,1969-12-31 19:00:01.682292945-05:00
57,conceicao da barra,-18.5933,-39.7322,297.24,71,29,4.46,BR,1969-12-31 19:00:01.682292945-05:00
58,pointe-noire,-4.7761,11.8635,300.19,89,40,1.54,CG,1969-12-31 19:00:01.682292945-05:00
59,igarka,67.4667,86.5833,272.69,91,98,6.06,RU,1969-12-31 19:00:01.682292945-05:00
60,ust-nera,64.5667,143.2,268.05,89,100,3.82,RU,1969-12-31 19:00:01.682292945-05:00
61,uliastay,47.7417,96.8444,268.91,78,43,1.76,MN,1969-12-31 19:00:01.682292946-05:00
62,constantia,44.1833,28.65,279.65,79,9,3.22,RO,1969-12-31 19:00:01.682292946-05:00
63,saipan,15.1355,145.701,302.54,100,0,8.23,MP,1969-12-31 19:00:01.682292946-05:00
64,cooper's town,26.8667,-77.5167,297.26,71,1,4.2,BS,1969-12-31 19:00:01.682292946-05:00
65,bethanie,-26.4833,17.15,294.49,18,99,3.15,NA,1969-12-31 19:00:01.682292946-05:00
66,klyuchi,52.2667,79.1667,280.69,51,76,7.66,RU,1969-12-31 19:00:01.682292946-05:00
67,cidreira,-30.1811,-50.2056,294.75,80,85,6.77,BR,1969-12-31 19:00:01.682292947-05:00
68,osmancik,40.9782,34.8047,283.63,85,100,1.79,TR,1969-12-31 19:00:01.682292947-05:00
69,papatowai,-46.5619,169.4708,284.61,71,66,8.85,NZ,1969-12-31 19:00:01.682292947-05:00
70,queenstown,-31.8976,26.8753,287.67,61,99,1.56,ZA,1969-12-31 19:00:01.682292947-05:00
71,takayama,36.1333,137.25,281.07,38,100,2.3,JP,1969-12-31 19:00:01.682292948-05:00
72,kaitong,44.8135,123.15,282.35,14,10,4.8,CN,1969-12-31 19:00:01.682292948-05:00
73,amga,60.8953,131.9608,270.15,87,100,4.8,RU,1969-12-31 19:00:01.682292948-05:00
74,katsuura,35.1333,140.3,283.53,82,100,7.93,JP,1969-12-31 19:00:01.682292948-05:00
75,thompson,55.7435,-97.8558,276.24,48,20,3.6,CA,1969-12-31 19:00:01.682292948-05:00
76,tezu,27.9167,96.1667,292.23,91,100,1.43,IN,1969-12-31 19:00:01.682292949-05:00
77,sinabang,2.4803,96.3801,300.42,82,88,2.39,ID,1969-12-31 19:00:01.682292949-05:00
78,hasaki,35.7333,140.8333,285.53,52,100,7.82,JP,1969-12-31 19:00:01.682292695-05:00
79,isangel,-19.55,169.2667,303.21,74,20,2.06,VU,1969-12-31 19:00:01.682292949-05:00
80,zhengzhou,34.7578,113.6486,281.42,96,100,2.3,CN,1969-12-31 19:00:01.682292762-05:00
81,habiganj,24.3833,91.4167,293.13,89,8,2.19,BD,1969-12-31 19:00:01.682292950-05:00
82,port elizabeth,-33.918,25.5701,293.2,89,20,1.54,ZA,1969-12-31 19:00:01.682292950-05:00
83,tahe,52.3333,124.7333,276.05,34,1,2.07,CN,1969-12-31 19:00:01.682292950-05:00
84,hawaiian paradise park,19.5933,-154.9731,300.88,80,40,7.2,US,1969-12-31 19:00:01.682292950-05:00
85,gadzhiyevo,69.2551,33.3362,267.26,90,45,6.75,RU,1969-12-31 19:00:01.682292950-05:00
86,ancud,-41.8697,-73.8203,281.99,87,75,1.43,CL,1969-12-31 19:00:01.682292951-05:00
87,iskateley,67.6803,53.1512,264.69,93,25,6.29,RU,1969-12-31 19:00:01.682292951-05:00
88,isafjordur,66.0755,-23.124,273.81,66,71,2.3,IS,1969-12-31 19:00:01.682292951-05:00
89,amahai,-3.3333,128.9167,301.91,72,54,1.31,ID,1969-12-31 19:00:01.682292951-05:00
90,ishigaki,24.3448,124.1572,297.22,78,75,4.12,JP,1969-12-31 19:00:01.682292951-05:00
91,mount pearl,47.5166,-52.7813,275.9,96,100,8.75,CA,1969-12-31 19:00:01.682292951-05:00
92,cabo san lucas,22.8909,-109.9124,305.32,30,40,3.6,MX,1969-12-31 19:00:01.682292808-05:00
93,aleg,17.0481,-13.9209,302.3,17,0,4.62,MR,1969-12-31 19:00:01.682292952-05:00
94,gambela,8.25,34.5833,297.47,80,99,0.59,ET,1969-12-31 19:00:01.682292952-05:00
95,juan griego,11.0817,-63.9655,301.22,78,65,3.09,VE,1969-12-31 19:00:01.682292952-05:00
96,enriquillo,17.9,-71.2333,298.97,83,38,1.17,DO,1969-12-31 19:00:01.682292952-05:00
97,callaway,30.153,-85.5699,296.99,50,75,4.63,US,1969-12-31 19:00:01.682292952-05:00
98,thunder bay,48.4001,-89.3168,274.14,60,100,3.09,CA,1969-12-31 19:00:01.682292953-05:00
99,ilulissat,69.2167,-51.1,274.16,93,100,3.09,GL,1969-12-31 19:00:01.682292953-05:00
100,popovaca,44.6392,15.1792,282.15,72,60,2.88,HR,1969-12-31 19:00:01.682292953-05:00
101,susuman,62.7833,148.1667,269.09,75,99,7.96,RU,1969-12-31 19:00:01.682292953-05:00
102,zhezqazghan,47.7833,67.7667,284.2,60,3,3.64,KZ,1969-12-31 19:00:01.682292953-05:00
103,hithadhoo,-0.6,73.0833,301.64,75,98,2.19,MV,1969-12-31 19:00:01.682292953-05:00
104,daru,-9.0763,143.2092,300.87,85,100,3.59,PG,1969-12-31 19:00:01.682292953-05:00
105,kodiak,57.79,-152.4072,276.88,38,0,7.72,US,1969-12-31 19:00:01.682292954-05:00
106,blackmans bay,-43.0167,147.3167,286.89,72,24,1.7,AU,1969-12-31 19:00:01.682292954-05:00
107,saudarkrokur,65.7461,-19.6394,273.7,69,29,0.06,IS,1969-12-31 19:00:01.682292954-05:00
108,bubaque,11.2833,-15.8333,299.26,66,0,7.38,GW,1969-12-31 19:00:01.682292954-05:00
109,longyearbyen,78.2186,15.6401,264.06,73,40,3.09,SJ,1969-12-31 19:00:01.682292939-05:00
110,nola,40.922,14.5329,289.07,73,23,1.09,IT,1969-12-31 19:00:01.682292954-05:00
111,wailua homesteads,22.0669,-159.378,299.39,75,40,3.6,US,1969-12-31 19:00:01.682292955-05:00
112,teguise,29.0605,-13.564,290.27,68,20,7.72,ES,1969-12-31 19:00:01.682292955-05:00
113,nepalgunj,28.05,81.6167,296.48,19,99,2.63,NP,1969-12-31 19:00:01.682292955-05:00
114,jamestown,42.097,-79.2353,278.92,72,100,3.6,US,1969-12-31 19:00:01.682292955-05:00
115,kailua-kona,19.6406,-155.9956,302.13,78,0,7.2,US,1969-12-31 19:00:01.682292955-05:00
116,tanout,14.9709,8.8879,301.64,7,48,4.4,NE,1969-12-31 19:00:01.682292956-05:00
117,alo,7.4178,6.7371,299.43,84,100,1.58,NG,1969-12-31 19:00:01.682292956-05:00
118,lorengau,-2.0226,147.2712,300.67,78,100,1.36,PG,1969-12-31 19:00:01.682292956-05:00
119,tayga,56.06,85.6197,277.66,86,100,3.12,RU,1969-12-31 19:00:01.682292956-05:00
120,hell-ville,-13.4,48.2667,300.11,77,30,1.87,MG,1969-12-31 19:00:01.682292956-05:00
121,ulladulla,-35.35,150.4667,292.45,62,67,1.71,AU,1969-12-31 19:00:01.682292956-05:00
122,miramar beach,30.3744,-86.3586,299.4,48,0,2.06,US,1969-12-31 19:00:01.682292803-05:00
123,mogadishu,2.0371,45.3438,301.31,76,83,4.16,SO,1969-12-31 19:00:01.682292957-05:00
124,whitehorse,60.7161,-135.0538,280.58,61,100,4.12,CA,1969-12-31 19:00:01.682292957-05:00
125,talakan,50.3167,130.3667,277.41,42,39,6.12,RU,1969-12-31 19:00:01.682292957-05:00
126,aasiaat,68.7098,-52.8699,273.02,99,100,3.91,GL,1969-12-31 19:00:01.682292957-05:00
127,uige,-7.6087,15.0613,292.55,95,96,0.73,AO,1969-12-31 19:00:01.682292957-05:00
128,nantucket,41.2835,-70.0995,283.21,93,100,8.75,US,1969-12-31 19:00:01.682292751-05:00
129,east london,-33.0153,27.9116,293.28,59,100,3.1,ZA,1969-12-31 19:00:01.682292958-05:00
130,mlyniv,50.509,25.6168,282.55,77,20,3.25,UA,1969-12-31 19:00:01.682292958-05:00
131,priozersk,61.0393,30.1291,278.2,88,91,1.99,RU,1969-12-31 19:00:01.682292958-05:00
132,hamilton,39.1834,-84.5333,281.17,54,100,5.14,US,1969-12-31 19:00:01.682292958-05:00
133,greenville,35.6127,-77.3663,293.24,40,0,0.0,US,1969-12-31 19:00:01.682292815-05:00
134,bredasdorp,-34.5322,20.0403,291.44,83,100,2.78,ZA,1969-12-31 19:00:01.682292958-05:00
135,peniche,39.3558,-9.3811,288.87,93,26,3.17,PT,1969-12-31 19:00:01.682292958-05:00
136,manta,-0.95,-80.7333,300.03,83,100,0.0,EC,1969-12-31 19:00:01.682292769-05:00
137,san ramon,37.7799,-121.978,297.92,65,0,4.63,US,1969-12-31 19:00:01.682292959-05:00
138,avarua,-21.2078,-159.775,300.18,61,43,4.63,CK,1969-12-31 19:00:01.682292712-05:00
139,sa'dah,16.9402,43.7639,292.13,62,84,1.66,YE,1969-12-31 19:00:01.682292959-05:00
140,fort-shevchenko,44.5086,50.263,288.74,55,98,12.93,KZ,1969-12-31 19:00:01.682292959-05:00
141,magadan,59.5667,150.8,275.11,66,91,7.04,RU,1969-12-31 19:00:01.682292959-05:00
142,bilibino,68.0546,166.4372,272.97,65,26,2.53,RU,1969-12-31 19:00:01.682292960-05:00
143,mossel bay,-34.1831,22.146,294.11,77,100,0.97,ZA,1969-12-31 19:00:01.682292960-05:00
144,christchurch,-43.5333,172.6333,287.27,52,15,6.69,NZ,1969-12-31 19:00:01.682292811-05:00
145,ormara,25.2088,64.6357,298.91,88,97,3.14,PK,1969-12-31 19:00:01.682292960-05:00
146,shakiso,5.75,38.9167,288.35,95,99,0.78,ET,1969-12-31 19:00:01.682292960-05:00
147,tongchuanshi,35.0806,109.0897,275.24,99,100,0.89,CN,1969-12-31 19:00:01.682292962-05:00
148,maymana,35.9214,64.7836,291.63,28,100,0.24,AF,1969-12-31 19:00:01.682292962-05:00
149,san antonio de pale,-1.4014,5.6325,300.9,75,41,3.97,GQ,1969-12-31 19:00:01.682292963-05:00
150,benito juarez,19.385,-99.165,300.93,14,20,8.23,MX,1969-12-31 19:00:01.682292789-05:00
151,kingston,17.997,-76.7936,296.48,88,64,0.62,JM,1969-12-31 19:00:01.682292964-05:00
152,bac lieu,9.285,105.7244,301.89,71,94,3.68,VN,1969-12-31 19:00:01.682292965-05:00
153,taiynsha,53.8478,69.7639,280.88,82,75,6.87,KZ,1969-12-31 19:00:01.682292965-05:00
154,kruisfontein,-34.0033,24.7314,291.97,71,100,2.58,ZA,1969-12-31 19:00:01.682292966-05:00
155,elliot lake,46.3834,-82.6331,275.09,98,100,1.72,CA,1969-12-31 19:00:01.682292966-05:00
156,ribeira grande,38.5167,-28.7,290.8,96,100,7.15,PT,1969-12-31 19:00:01.682292967-05:00
157,lima duarte,-21.8425,-43.7931,287.88,96,38,0.56,BR,1969-12-31 19:00:01.682292968-05:00
158,quatre cocos,-20.2078,57.7625,298.21,82,70,3.6,MU,1969-12-31 19:00:01.682292968-05:00
159,totness,5.8833,-56.3167,297.5,91,98,2.33,SR,1969-12-31 19:00:01.682292969-05:00
160,utrik,11.2278,169.8474,300.23,81,57,9.78,MH,1969-12-31 19:00:01.682292970-05:00
161,acarau,-2.8856,-40.12,298.84,83,97,4.78,BR,1969-12-31 19:00:01.682292970-05:00
162,albany,42.6001,-73.9662,283.65,84,98,1.91,US,1969-12-31 19:00:01.682292602-05:00
163,safaga,26.7292,33.9365,296.82,55,72,2.96,EG,1969-12-31 19:00:01.682292970-05:00
164,geraldton,-28.7667,114.6,293.38,68,97,5.14,AU,1969-12-31 19:00:01.682292971-05:00
165,balykshi,47.0667,51.8667,283.15,93,73,1.0,KZ,1969-12-31 19:00:01.682292971-05:00
166,san patricio,28.017,-97.5169,293.12,90,99,4.51,US,1969-12-31 19:00:01.682292972-05:00
167,codrington,-38.2667,141.9667,291.06,58,0,3.65,AU,1969-12-31 19:00:01.682292972-05:00
168,praia da vitoria,38.7333,-27.0667,291.29,94,75,8.02,PT,1969-12-31 19:00:01.682292972-05:00
169,young,-32.6833,-57.6333,289.53,64,99,3.5,UY,1969-12-31 19:00:01.682292973-05:00
170,as sulayyil,20.4607,45.5779,295.29,36,84,3.51,SA,1969-12-31 19:00:01.682292973-05:00
171,siwa oasis,29.2041,25.5195,295.05,36,0,6.67,EG,1969-12-31 19:00:01.682292973-05:00
172,batamshinskiy,50.5594,58.2747,279.54,77,18,3.15,KZ,1969-12-31 19:00:01.682292974-05:00
173,vernon,50.2581,-119.2691,283.87,77,100,2.06,CA,1969-12-31 19:00:01.682292974-05:00
174,olonkinbyen,70.9221,-8.7187,268.56,60,45,6.54,SJ,1969-12-31 19:00:01.682292975-05:00
175,brookings,44.3114,-96.7984,281.58,38,100,3.09,US,1969-12-31 19:00:01.682292698-05:00
176,juneau,58.3019,-134.4197,283.38,71,75,4.63,US,1969-12-31 19:00:01.682292976-05:00
177,san cristobal,7.7669,-72.225,294.25,97,57,1.2,VE,1969-12-31 19:00:01.682292976-05:00
178,sarkand,45.41,79.9186,284.47,31,87,3.19,KZ,1969-12-31 19:00:01.682292976-05:00
179,phan thiet,10.9333,108.1,300.58,70,77,2.86,VN,1969-12-31 19:00:01.682292976-05:00
180,ta`u,-14.2336,-169.5144,300.13,78,32,3.93,AS,1969-12-31 19:00:01.682292977-05:00
181,northam,51.0333,-4.2167,281.82,90,22,4.64,GB,1969-12-31 19:00:01.682292973-05:00
182,margate,51.3813,1.3862,281.98,88,100,4.02,GB,1969-12-31 19:00:01.682292977-05:00
183,saint-joseph,-21.3667,55.6167,297.36,76,100,0.7,RE,1969-12-31 19:00:01.682292978-05:00
184,buala,-8.145,159.5921,303.05,71,68,2.74,SB,1969-12-31 19:00:01.682292979-05:00
185,iwanai,42.9744,140.5089,279.74,74,89,6.26,JP,1969-12-31 19:00:01.682292979-05:00
186,hami,42.8,93.45,284.28,34,90,3.51,CN,1969-12-31 19:00:01.682292980-05:00
187,mpongwe,-13.5091,28.155,290.41,81,100,1.75,ZM,1969-12-31 19:00:01.682292980-05:00
188,fort riley north,39.1108,-96.8139,288.63,27,0,5.14,US,1969-12-31 19:00:01.682292981-05:00
189,extrema,-22.8547,-46.3183,288.31,89,82,1.68,BR,1969-12-31 19:00:01.682292981-05:00
190,mayya,61.7333,130.2811,271.77,83,96,4.91,RU,1969-12-31 19:00:01.682292982-05:00
191,sitka,57.0531,-135.33,281.09,76,100,5.66,US,1969-12-31 19:00:01.682292792-05:00
192,malango,-2.9627,119.9001,295.99,89,80,0.53,ID,1969-12-31 19:00:01.682292982-05:00
193,am timan,11.0297,20.2827,300.58,59,100,6.02,TD,1969-12-31 19:00:01.682292983-05:00
194,ballina,-28.8667,153.5667,293.03,65,86,7.83,AU,1969-12-31 19:00:01.682292983-05:00
195,axim,4.8699,-2.2405,300.4,83,93,2.82,GH,1969-12-31 19:00:01.682292984-05:00
196,hirara,24.8,125.2833,296.3,73,75,4.12,JP,1969-12-31 19:00:01.682292984-05:00
197,saint-philippe,-21.3585,55.7679,297.92,75,100,2.23,RE,1969-12-31 19:00:01.682292986-05:00
198,labytnangi,66.6572,66.4183,266.35,77,100,7.51,RU,1969-12-31 19:00:01.682292986-05:00
199,pernio,60.2,23.1333,283.2,72,88,5.96,FI,1969-12-31 19:00:01.682292987-05:00
200,fisterra,42.9049,-9.2629,289.27,96,81,3.83,ES,1969-12-31 19:00:01.682292987-05:00
201,vanino,49.0869,140.2543,279.97,51,90,2.61,RU,1969-12-31 19:00:01.682292988-05:00
202,kangding,30.0513,101.9603,281.67,75,93,1.02,CN,1969-12-31 19:00:01.682292988-05:00
203,andalusia,31.3085,-86.4833,300.12,42,75,2.06,US,1969-12-31 19:00:01.682292989-05:00
204,st. john's,47.5649,-52.7093,276.36,96,100,11.62,CA,1969-12-31 19:00:01.682292952-05:00
205,zelow,51.4645,19.2197,284.94,81,99,2.84,PL,1969-12-31 19:00:01.682292989-05:00
206,reuleuet,5.2167,96.2833,299.86,80,91,1.42,ID,1969-12-31 19:00:01.682292990-05:00
207,tura,25.5198,90.2201,291.85,70,15,1.51,IN,1969-12-31 19:00:01.682292990-05:00
208,torrington,41.8007,-73.1212,285.38,91,65,1.34,US,1969-12-31 19:00:01.682292991-05:00
209,oodweyne,9.4092,45.064,297.28,64,98,1.79,SO,1969-12-31 19:00:01.682292991-05:00
210,college,64.8569,-147.8028,264.59,57,100,11.83,US,1969-12-31 19:00:01.682292992-05:00
211,nazarabad,35.9521,50.6075,287.6,41,67,3.13,IR,1969-12-31 19:00:01.682292992-05:00
212,vallenar,-28.5708,-70.7581,290.41,70,0,1.38,CL,1969-12-31 19:00:01.682292992-05:00
213,salekhard,66.53,66.6019,266.11,79,100,7.56,RU,1969-12-31 19:00:01.682292993-05:00
214,hafnarfjordur,64.0671,-21.9377,278.08,75,75,3.09,IS,1969-12-31 19:00:01.682292993-05:00
215,east ballina,-28.8667,153.5833,293.04,65,85,8.14,AU,1969-12-31 19:00:01.682292994-05:00
216,nuku'alofa,-21.1333,-175.2,301.34,74,75,5.66,TO,1969-12-31 19:00:01.682292994-05:00
217,rio grande,-32.035,-52.0986,294.21,87,100,5.65,BR,1969-12-31 19:00:01.682292994-05:00
218,dryden,49.7833,-92.7503,276.31,35,100,2.57,CA,1969-12-31 19:00:01.682292995-05:00
219,port lincoln,-34.7333,135.8667,293.37,52,0,4.75,AU,1969-12-31 19:00:01.682292995-05:00
220,eraan,9.0629,117.7016,301.9,74,64,1.17,PH,1969-12-31 19:00:01.682292996-05:00
221,hacienda huancane,-15.8222,-70.8856,277.07,59,3,3.71,PE,1969-12-31 19:00:01.682292996-05:00
222,tazovsky,67.4667,78.7,273.17,97,100,7.24,RU,1969-12-31 19:00:01.682292996-05:00
223,ad darb,17.7229,42.2526,304.11,38,95,1.62,SA,1969-12-31 19:00:01.682292997-05:00
224,mana,5.6592,-53.7767,296.52,92,100,1.06,GF,1969-12-31 19:00:01.682292997-05:00
225,colonia,50.9333,6.95,284.8,76,20,4.12,DE,1969-12-31 19:00:01.682292807-05:00
226,lebu,-37.6167,-73.65,284.75,86,1,5.08,CL,1969-12-31 19:00:01.682292998-05:00
227,monze,-16.2833,27.4833,291.79,60,99,1.58,ZM,1969-12-31 19:00:01.682292998-05:00
228,al kharijah,25.4514,30.5464,296.96,26,0,3.39,EG,1969-12-31 19:00:01.682292998-05:00
229,arraial do cabo,-22.9661,-42.0278,296.13,71,0,3.05,BR,1969-12-31 19:00:01.682292998-05:00
230,el granada,37.5027,-122.4694,294.52,81,100,12.86,US,1969-12-31 19:00:01.682292998-05:00
231,kerikeri,-35.2268,173.9474,290.88,81,47,3.13,NZ,1969-12-31 19:00:01.682292999-05:00
232,tolanaro,-25.0319,46.9987,298.19,69,20,3.09,MG,1969-12-31 19:00:01.682292999-05:00
233,zaozersk,69.4005,32.4476,267.34,89,49,5.95,RU,1969-12-31 19:00:01.682292999-05:00
234,berdigestyakh,62.0989,126.6992,270.08,91,99,5.78,RU,1969-12-31 19:00:01.682292999-05:00
235,madugula,17.9167,82.8,298.73,80,3,0.65,IN,1969-12-31 19:00:01.682292999-05:00
236,jacobina,-11.1806,-40.5183,293.48,95,60,2.03,BR,1969-12-31 19:00:01.682292999-05:00
237,bardai,11.65,7.2333,299.09,56,100,4.9,NG,1969-12-31 19:00:01.682293-05:00
238,afaahiti,-17.75,-149.2833,300.08,83,100,5.91,PF,1969-12-31 19:00:01.682293-05:00
239,litayan,7.3358,124.0347,300.55,78,90,3.28,PH,1969-12-31 19:00:01.682293-05:00
240,portland,45.5234,-122.6762,286.77,71,100,2.24,US,1969-12-31 19:00:01.682292246-05:00
241,mejit,10.2753,170.8646,300.35,81,66,8.87,MH,1969-12-31 19:00:01.682293-05:00
242,kalamata,37.0389,22.1142,288.77,73,19,1.34,GR,1969-12-31 19:00:01.682293001-05:00
243,carnarvon,-24.8667,113.6333,295.44,73,100,5.79,AU,1969-12-31 19:00:01.682293001-05:00
244,baiti,13.745,-14.7482,304.15,17,6,6.16,SN,1969-12-31 19:00:01.682293001-05:00
245,illapel,-31.6308,-71.1653,289.07,84,20,1.04,CL,1969-12-31 19:00:01.682292971-05:00
246,nemuro,43.3236,145.575,276.94,74,64,2.36,JP,1969-12-31 19:00:01.682293001-05:00
247,touros,-5.1989,-35.4608,299.18,81,86,5.0,BR,1969-12-31 19:00:01.682292775-05:00
248,weinbohla,51.1667,13.5667,285.8,89,0,3.6,DE,1969-12-31 19:00:01.682293002-05:00
249,turpan,42.9333,89.1667,287.5,22,0,0.27,CN,1969-12-31 19:00:01.682293002-05:00
250,petropavlovsk-kamchatsky,53.0452,158.6483,276.48,48,75,5.0,RU,1969-12-31 19:00:01.682293002-05:00
251,kavieng,-2.5744,150.7967,301.1,77,98,4.51,PG,1969-12-31 19:00:01.682293002-05:00
252,banda aceh,5.5577,95.3222,300.64,77,86,0.88,ID,1969-12-31 19:00:01.682293002-05:00
253,motilla del palancar,39.5709,-1.9068,286.82,65,36,0.45,ES,1969-12-31 19:00:01.682293003-05:00
254,cassilandia,-19.1133,-51.7342,295.3,81,40,1.66,BR,1969-12-31 19:00:01.682293003-05:00
255,lerwick,60.1545,-1.1494,277.15,68,98,13.7,GB,1969-12-31 19:00:01.682293003-05:00
256,yeed,4.55,43.0333,299.46,70,97,1.87,SO,1969-12-31 19:00:01.682293004-05:00
257,hammerfest,70.6634,23.6821,271.4,86,75,1.54,NO,1969-12-31 19:00:01.682293004-05:00
258,piti village,13.4626,144.6933,302.98,78,20,7.72,GU,1969-12-31 19:00:01.682293004-05:00
259,flin flon,54.7682,-101.865,280.06,24,20,2.06,CA,1969-12-31 19:00:01.682293004-05:00
260,xai-xai,-25.0519,33.6442,294.63,77,1,3.0,MZ,1969-12-31 19:00:01.682293004-05:00
261,kulhudhuffushi,6.6221,73.07,302.53,68,86,4.84,MV,1969-12-31 19:00:01.682293005-05:00
262,ewo,-0.8725,14.8206,294.84,93,100,0.6,CG,1969-12-31 19:00:01.682293005-05:00
263,gizo,-8.103,156.8419,302.54,71,68,1.59,SB,1969-12-31 19:00:01.682293005-05:00
264,callao,-12.0667,-77.15,300.77,73,0,6.17,PE,1969-12-31 19:00:01.682292917-05:00
265,geneina,13.45,22.45,301.08,31,78,3.58,SD,1969-12-31 19:00:01.682293005-05:00
266,gorontalo,0.5412,123.0595,301.29,78,92,0.57,ID,1969-12-31 19:00:01.682293005-05:00
267,bereket,39.2446,55.5154,293.85,37,49,4.52,TM,1969-12-31 19:00:01.682293006-05:00
268,moroto,2.5345,34.6666,291.64,90,100,1.33,UG,1969-12-31 19:00:01.682293006-05:00
269,khuzdar,27.7384,66.6434,293.27,30,93,1.55,PK,1969-12-31 19:00:01.682293006-05:00
270,vinogradovo,56.9333,37.55,281.7,70,65,2.31,RU,1969-12-31 19:00:01.682293007-05:00
271,coquimbo,-29.9533,-71.3436,288.0,88,0,2.57,CL,1969-12-31 19:00:01.682292796-05:00
272,santa rosalia,27.3167,-112.2833,299.16,33,0,0.69,MX,1969-12-31 19:00:01.682293007-05:00
273,parker,32.7668,-97.8003,286.46,74,99,2.24,US,1969-12-31 19:00:01.682293009-05:00
274,krasavino,60.9614,46.4814,274.93,97,100,1.78,RU,1969-12-31 19:00:01.682293009-05:00
275,palikir - national government center,6.9248,158.1611,299.62,89,100,2.57,FM,1969-12-31 19:00:01.682293009-05:00
276,saldanha,-33.0117,17.9442,289.18,96,100,5.14,ZA,1969-12-31 19:00:01.682293010-05:00
277,idri,27.5,13.2667,293.57,42,71,5.63,LY,1969-12-31 19:00:01.682293010-05:00
278,trinidad,-14.8333,-64.9,301.14,74,40,0.0,BO,1969-12-31 19:00:01.682293010-05:00
279,clovis,36.8252,-119.7029,301.19,41,40,5.66,US,1969-12-31 19:00:01.682292843-05:00
280,dubti,11.7361,41.0853,302.7,59,55,4.22,ET,1969-12-31 19:00:01.682293010-05:00
281,fortuna,40.5982,-124.1573,285.89,84,100,2.24,US,1969-12-31 19:00:01.682293010-05:00
282,inari,68.906,27.0288,266.26,84,33,2.01,FI,1969-12-31 19:00:01.682292955-05:00
283,kapa'a,22.0752,-159.319,300.14,75,40,3.6,US,1969-12-31 19:00:01.682293011-05:00
284,pochinok,54.4068,32.4407,281.95,72,54,2.96,RU,1969-12-31 19:00:01.682293011-05:00
285,harstad,68.799,16.5293,269.9,90,22,1.79,NO,1969-12-31 19:00:01.682293011-05:00
286,vilyuchinsk,52.9306,158.4028,277.3,76,99,7.69,RU,1969-12-31 19:00:01.682293011-05:00
287,kapuskasing,49.4169,-82.4331,274.2,93,75,3.6,CA,1969-12-31 19:00:01.682292733-05:00
288,yamba,-5.9,22.3,294.21,99,100,0.64,CD,1969-12-31 19:00:01.682293012-05:00
289,richards bay,-28.783,32.0377,291.39,86,44,1.72,ZA,1969-12-31 19:00:01.682293012-05:00
290,vila velha,-20.3297,-40.2925,296.45,85,75,1.54,BR,1969-12-31 19:00:01.682293012-05:00
291,kokuy,52.2037,117.5529,274.55,38,41,5.6,RU,1969-12-31 19:00:01.682293012-05:00
292,sarmiento,-45.5882,-69.07,287.06,39,68,2.33,AR,1969-12-31 19:00:01.682293012-05:00
293,la sarre,48.8002,-79.1996,274.46,99,100,0.78,CA,1969-12-31 19:00:01.682293013-05:00
294,kenora,49.8167,-94.4337,276.69,35,75,1.54,CA,1969-12-31 19:00:01.682293013-05:00
295,embrun,44.5639,6.4953,278.3,96,99,2.34,FR,1969-12-31 19:00:01.682293013-05:00
296,thief river falls,48.1191,-96.1812,276.68,69,100,3.09,US,1969-12-31 19:00:01.682293013-05:00
297,selfoss,63.9331,-20.9971,275.4,90,66,2.07,IS,1969-12-31 19:00:01.682293013-05:00
298,udachny,66.4167,112.4,266.66,91,97,0.87,RU,1969-12-31 19:00:01.682293014-05:00
299,biltine,14.5333,20.9167,303.1,19,88,0.1,TD,1969-12-31 19:00:01.682293014-05:00
300,keflavik,64.0049,-22.5624,278.1,70,75,0.51,IS,1969-12-31 19:00:01.682293014-05:00
301,nova vicosa,-17.8919,-39.3719,297.99,73,66,6.57,BR,1969-12-31 19:00:01.682293014-05:00
302,rio preto da eva,-2.6994,-59.6997,296.53,92,87,0.28,BR,1969-12-31 19:00:01.682293014-05:00
303,ebon,4.582,168.6964,301.63,76,84,7.23,MH,1969-12-31 19:00:01.682293014-05:00
304,rijau,11.103,5.2507,300.86,54,100,4.53,NG,1969-12-31 19:00:01.682293015-05:00
305,la ligua,-32.4524,-71.2311,287.89,89,30,0.9,CL,1969-12-31 19:00:01.682292800-05:00
306,yangchun,22.1667,111.7833,297.4,94,83,1.43,CN,1969-12-31 19:00:01.682293015-05:00
307,new norfolk,-42.7826,147.0587,288.1,56,5,1.59,AU,1969-12-31 19:00:01.682293015-05:00
308,taitung city,22.7583,121.1444,296.3,94,75,2.06,TW,1969-12-31 19:00:01.682293015-05:00
309,kavaratti,10.5669,72.642,301.51,71,70,4.64,IN,1969-12-31 19:00:01.682293015-05:00
310,novyy urengoy,66.0833,76.6333,273.54,97,100,6.85,RU,1969-12-31 19:00:01.682293015-05:00
311,bonthe,7.5264,-12.505,300.61,83,6,3.47,SL,1969-12-31 19:00:01.682293016-05:00
312,chuguyevka,44.1653,133.8633,279.58,29,39,6.14,RU,1969-12-31 19:00:01.682293016-05:00
313,birjand,32.8663,59.2211,286.41,30,0,3.09,IR,1969-12-31 19:00:01.682292624-05:00
314,barcelos,41.5388,-8.6151,289.73,96,96,0.63,PT,1969-12-31 19:00:01.682293016-05:00
315,novodvinsk,64.4165,40.8122,270.01,88,99,1.46,RU,1969-12-31 19:00:01.682293016-05:00
316,raduzhnyy,62.0961,77.475,276.29,98,100,5.69,RU,1969-12-31 19:00:01.682293017-05:00
317,tougan,13.0667,-3.0667,304.34,8,21,2.07,BF,1969-12-31 19:00:01.682293017-05:00
318,lugovoye,42.9094,72.7178,287.03,40,68,2.45,KZ,1969-12-31 19:00:01.682293017-05:00
319,at taj,24.2049,23.2857,298.2,22,22,6.23,LY,1969-12-31 19:00:01.682293017-05:00
320,alice,27.7523,-98.0697,293.0,82,75,5.66,US,1969-12-31 19:00:01.682293017-05:00
321,beidaihehaibin,39.8222,119.5181,284.34,32,86,1.12,CN,1969-12-31 19:00:01.682293018-05:00
322,djibo,14.1022,-1.6306,304.55,8,24,3.23,BF,1969-12-31 19:00:01.682293018-05:00
323,aral,40.5156,81.2636,284.92,21,22,2.82,CN,1969-12-31 19:00:01.682293018-05:00
324,namtsy,62.7161,129.6658,270.67,86,39,5.34,RU,1969-12-31 19:00:01.682293018-05:00
325,la'ie,21.6477,-157.9253,301.42,67,85,1.89,US,1969-12-31 19:00:01.682293018-05:00
326,bure,10.7,37.0667,290.17,41,55,1.61,ET,1969-12-31 19:00:01.682293019-05:00
327,sechura,-5.5569,-80.8222,298.66,82,100,3.88,PE,1969-12-31 19:00:01.682293019-05:00
328,pitimbu,-7.4706,-34.8086,299.48,79,100,5.02,BR,1969-12-31 19:00:01.682293019-05:00
329,port alfred,-33.5906,26.891,294.15,62,98,2.47,ZA,1969-12-31 19:00:01.682293019-05:00
330,temiskaming shores,47.4938,-79.7153,278.04,97,100,1.03,CA,1969-12-31 19:00:01.682293019-05:00
331,pesqueira,-8.3578,-36.6964,292.35,96,96,3.33,BR,1969-12-31 19:00:01.682293019-05:00
332,goksun,38.021,36.4973,278.76,95,44,1.68,TR,1969-12-31 19:00:01.682293020-05:00
333,lensk,60.7253,114.9278,271.36,74,73,2.38,RU,1969-12-31 19:00:01.682293020-05:00
334,luganville,-15.5333,167.1667,302.07,70,57,3.35,VU,1969-12-31 19:00:01.682292949-05:00
335,qaqortoq,60.7167,-46.0333,274.36,79,93,0.69,GL,1969-12-31 19:00:01.682293020-05:00
336,bryne,58.7354,5.6477,280.96,91,75,3.09,NO,1969-12-31 19:00:01.682293020-05:00
337,kone,-21.0595,164.8658,300.74,71,60,3.59,NC,1969-12-31 19:00:01.682293021-05:00
338,alice springs,-23.7,133.8833,288.9,67,0,5.64,AU,1969-12-31 19:00:01.682293021-05:00
339,remire-montjoly,4.9167,-52.2667,298.17,94,0,0.0,GF,1969-12-31 19:00:01.682293021-05:00
340,tommot,58.9564,126.2925,270.87,70,100,4.13,RU,1969-12-31 19:00:01.682292833-05:00
341,gereshk,31.8209,64.5701,296.35,6,99,1.57,AF,1969-12-31 19:00:01.682293021-05:00
342,kangaba,11.9333,-8.4167,303.52,16,29,1.6,ML,1969-12-31 19:00:01.682293022-05:00
343,krasnik,50.9236,22.2271,283.86,73,82,4.36,PL,1969-12-31 19:00:01.682292828-05:00
344,reggane,26.7158,0.1714,300.38,18,43,5.65,DZ,1969-12-31 19:00:01.682293023-05:00
345,kataba,13.9833,44.3833,290.2,72,3,0.23,YE,1969-12-31 19:00:01.682293023-05:00
346,vammala,61.3333,22.9,283.54,65,100,4.78,FI,1969-12-31 19:00:01.682293024-05:00
347,corner brook,48.9667,-57.9484,276.24,96,100,2.38,CA,1969-12-31 19:00:01.682292909-05:00
348,vadso,70.0744,29.7487,269.64,80,36,7.72,NO,1969-12-31 19:00:01.682293024-05:00
349,nushki,29.5542,66.0215,295.32,6,71,2.46,PK,1969-12-31 19:00:01.682293025-05:00
350,tofol,5.3248,163.0078,299.03,89,100,5.14,FM,1969-12-31 19:00:01.682293025-05:00
351,lamu,-2.2717,40.902,299.27,81,100,1.98,KE,1969-12-31 19:00:01.682293026-05:00
352,arno,60.1167,18.6333,275.81,93,100,5.63,SE,1969-12-31 19:00:01.682293026-05:00
353,ndende,-2.4008,11.3581,295.74,96,95,0.69,GA,1969-12-31 19:00:01.682293027-05:00
354,borisoglebskiy,57.2586,39.1508,282.52,73,82,3.03,RU,1969-12-31 19:00:01.682293027-05:00
355,dondo,-19.6094,34.7431,291.47,88,81,1.98,MZ,1969-12-31 19:00:01.682293028-05:00
356,lillehammer,61.1146,10.4674,274.64,99,100,0.93,NO,1969-12-31 19:00:01.682293028-05:00
357,la manga del mar menor,37.6413,-0.7165,292.82,52,0,2.06,ES,1969-12-31 19:00:01.682293029-05:00
358,leo,11.1,-2.1,303.78,38,74,2.12,BF,1969-12-31 19:00:01.682293029-05:00
359,cardigan,52.0847,-4.6591,279.47,85,30,1.58,GB,1969-12-31 19:00:01.682293030-05:00
360,todos santos,23.45,-110.2167,295.62,74,48,3.16,MX,1969-12-31 19:00:01.682293030-05:00
361,megion,61.0296,76.1136,277.16,100,100,4.46,RU,1969-12-31 19:00:01.682292817-05:00
362,tabou,4.423,-7.3528,299.64,87,93,1.94,CI,1969-12-31 19:00:01.682292998-05:00
363,tralee,52.2704,-9.7026,280.17,92,25,2.38,IE,1969-12-31 19:00:01.682293032-05:00
364,ciudad lazaro cardenas,17.9583,-102.2,300.66,63,12,3.41,MX,1969-12-31 19:00:01.682293032-05:00
365,namibe,-15.1961,12.1522,296.9,69,61,3.17,AO,1969-12-31 19:00:01.682293032-05:00
366,leander,30.5788,-97.8531,286.79,79,100,6.17,US,1969-12-31 19:00:01.682293032-05:00
367,edinet,48.1681,27.305,282.27,74,44,3.22,MD,1969-12-31 19:00:01.682293033-05:00
368,badger,64.8,-147.5333,264.55,60,100,11.83,US,1969-12-31 19:00:01.682293033-05:00
369,al quwayrah,29.8004,35.3116,291.15,45,100,1.87,JO,1969-12-31 19:00:01.682293034-05:00
370,tvoroyri,61.5556,-6.8111,276.63,62,100,11.37,FO,1969-12-31 19:00:01.682293034-05:00
371,irymple,-34.25,142.1667,293.76,67,0,0.89,AU,1969-12-31 19:00:01.682293035-05:00
372,prince rupert,54.3161,-130.3201,281.2,81,100,8.23,CA,1969-12-31 19:00:01.682293-05:00
373,chaklasi,22.65,72.9333,300.13,40,1,3.05,IN,1969-12-31 19:00:01.682293037-05:00
374,ouadda,8.0777,22.4007,293.54,96,100,0.14,CF,1969-12-31 19:00:01.682293037-05:00
375,al bawiti,28.3492,28.8659,293.44,36,7,5.72,EG,1969-12-31 19:00:01.682293037-05:00
376,miles city,46.4083,-105.8406,284.69,32,0,2.06,US,1969-12-31 19:00:01.682293038-05:00
377,shchigry,51.8755,36.9043,279.05,73,82,1.67,RU,1969-12-31 19:00:01.682293038-05:00
378,weno,7.4515,151.8468,304.12,79,40,0.0,FM,1969-12-31 19:00:01.682293038-05:00
379,tual,-5.6667,132.75,301.22,77,75,3.68,ID,1969-12-31 19:00:01.682293039-05:00
380,abnub,27.2696,31.1511,295.27,30,41,1.53,EG,1969-12-31 19:00:01.682293040-05:00
381,cruz do espirito santo,-7.14,-35.0864,299.46,83,0,2.57,BR,1969-12-31 19:00:01.682293040-05:00
382,karratha,-20.7377,116.8463,300.64,55,90,1.22,AU,1969-12-31 19:00:01.682293041-05:00
383,sorong,-0.8833,131.25,300.86,77,48,1.47,ID,1969-12-31 19:00:01.682293041-05:00
384,loei,17.4167,101.5,294.88,66,93,0.22,TH,1969-12-31 19:00:01.682293042-05:00
385,muncar,-8.4333,114.3333,299.65,85,46,0.86,ID,1969-12-31 19:00:01.682293042-05:00
386,oulmes,33.4258,-6.0014,284.07,63,34,1.36,MA,1969-12-31 19:00:01.682293042-05:00
387,pasuquin,18.3328,120.6177,299.12,73,20,1.03,PH,1969-12-31 19:00:01.682293043-05:00
388,broome,42.2506,-75.833,279.65,92,100,5.14,US,1969-12-31 19:00:01.682293040-05:00
389,caleta de carquin,-11.0925,-77.6267,297.32,79,16,4.63,PE,1969-12-31 19:00:01.682293043-05:00
390,melfort,52.8667,-104.6177,282.22,29,17,3.09,CA,1969-12-31 19:00:01.682293044-05:00
391,puerto baquerizo moreno,-0.9,-89.6,300.7,78,40,4.12,EC,1969-12-31 19:00:01.682293044-05:00
392,marsh harbour,26.5412,-77.0636,297.27,67,7,4.12,BS,1969-12-31 19:00:01.682292920-05:00
393,hangal,14.7667,75.1333,294.2,62,0,0.84,IN,1969-12-31 19:00:01.682293045-05:00
394,diu,20.7141,70.9822,297.99,76,33,5.76,IN,1969-12-31 19:00:01.682293045-05:00
395,dalbandin,28.8947,64.4101,297.06,11,100,2.3,PK,1969-12-31 19:00:01.682292839-05:00
396,cheongsong gun,36.4335,129.057,284.14,61,100,4.86,KR,1969-12-31 19:00:01.682293046-05:00
397,abbeville,50.1,1.8333,283.29,94,72,6.27,FR,1969-12-31 19:00:01.682293046-05:00
398,dharmavaram,14.4333,77.7167,300.19,55,4,3.76,IN,1969-12-31 19:00:01.682293047-05:00
399,wewak,-3.5534,143.6268,301.58,73,100,2.14,PG,1969-12-31 19:00:01.682293047-05:00
400,kalevala,65.2,31.1667,270.71,95,100,1.67,RU,1969-12-31 19:00:01.682293048-05:00
401,ghadamis,30.1337,9.5007,293.18,31,27,6.26,LY,1969-12-31 19:00:01.682293048-05:00
402,wamba,8.9333,8.6,297.56,84,86,1.14,NG,1969-12-31 19:00:01.682293048-05:00
403,noumea,-22.2763,166.4572,299.82,99,66,4.19,NC,1969-12-31 19:00:01.682293049-05:00
404,havelberg,52.8309,12.0755,284.8,87,90,0.89,DE,1969-12-31 19:00:01.682293049-05:00
405,enewetak,11.3474,162.3373,300.26,84,86,8.77,MH,1969-12-31 19:00:01.682293049-05:00
406,placido de castro,-10.3353,-67.1856,296.49,92,94,0.58,BR,1969-12-31 19:00:01.682293050-05:00
407,faaa,-17.55,-149.6,301.13,78,75,5.66,PF,1969-12-31 19:00:01.682293050-05:00
408,kulp,38.4972,41.0122,286.17,70,90,2.19,TR,1969-12-31 19:00:01.682293050-05:00
409,potosi,-19.5836,-65.7531,281.91,30,30,1.69,BO,1969-12-31 19:00:01.682293051-05:00
410,jagalur,14.5333,76.35,296.18,56,0,1.7,IN,1969-12-31 19:00:01.682293051-05:00
411,khenchela,35.4358,7.1433,286.03,68,41,2.47,DZ,1969-12-31 19:00:01.682293052-05:00
412,kargasok,59.0556,80.8572,277.67,85,100,6.04,RU,1969-12-31 19:00:01.682293052-05:00
413,topolobampo,25.6,-109.05,305.1,19,0,4.12,MX,1969-12-31 19:00:01.682293052-05:00
414,tangalle,6.024,80.7911,299.16,85,100,1.06,LK,1969-12-31 19:00:01.682293053-05:00
415,eydhafushi,5.1033,73.0708,302.04,75,66,5.01,MV,1969-12-31 19:00:01.682293053-05:00
416,sydney,-33.8679,151.2073,295.55,68,40,4.63,AU,1969-12-31 19:00:01.682292813-05:00
417,jizzax,40.1158,67.8422,290.38,31,79,0.99,UZ,1969-12-31 19:00:01.682293054-05:00
418,pekan,3.4836,103.3996,299.21,81,98,1.24,MY,1969-12-31 19:00:01.682293054-05:00
419,al kharj,24.155,47.3346,300.47,37,12,3.4,SA,1969-12-31 19:00:01.682293055-05:00
420,atlantic beach,30.3344,-81.3987,296.49,66,0,5.14,US,1969-12-31 19:00:01.682293055-05:00
421,lycksele,64.5954,18.6735,271.17,86,20,2.06,SE,1969-12-31 19:00:01.682293056-05:00
422,peterhead,57.5058,-1.7981,277.84,75,100,12.62,GB,1969-12-31 19:00:01.682293056-05:00
423,concepcion,-36.827,-73.0498,286.04,94,0,2.06,CL,1969-12-31 19:00:01.682293052-05:00
424,cacoal,-11.4386,-61.4472,295.8,96,54,0.95,BR,1969-12-31 19:00:01.682293057-05:00
425,neiafu,-18.65,-173.9833,300.53,78,40,4.12,TO,1969-12-31 19:00:01.682293057-05:00
426,kendari,-3.945,122.4989,299.97,85,71,0.79,ID,1969-12-31 19:00:01.682293058-05:00
427,nueva gerona,21.8833,-82.8,300.62,68,38,3.51,CU,1969-12-31 19:00:01.682293058-05:00
428,kulu,39.0951,33.0799,281.66,81,96,3.63,TR,1969-12-31 19:00:01.682293058-05:00
429,kulgam,33.65,75.0167,279.99,54,0,1.2,IN,1969-12-31 19:00:01.682293059-05:00
430,bodaybo,57.8506,114.1933,268.65,77,48,0.99,RU,1969-12-31 19:00:01.682293059-05:00
431,terenozek,45.05,64.9833,288.25,39,70,3.88,KZ,1969-12-31 19:00:01.682293059-05:00
432,illizi,26.4833,8.4667,296.22,19,67,3.0,DZ,1969-12-31 19:00:01.682293059-05:00
433,embi,48.8264,58.1442,282.4,83,16,2.33,KZ,1969-12-31 19:00:01.682293060-05:00
434,broken hill,-31.95,141.4333,293.55,45,0,6.05,AU,1969-12-31 19:00:01.682293060-05:00
435,ravar,31.2656,56.8055,294.92,33,100,0.89,IR,1969-12-31 19:00:01.682293060-05:00
436,altay,47.8667,88.1167,276.25,47,68,3.1,CN,1969-12-31 19:00:01.682293060-05:00
437,chadan,51.2833,91.5833,275.45,47,44,0.79,RU,1969-12-31 19:00:01.682293061-05:00
438,hauterive,46.0901,3.4459,285.57,85,81,3.06,FR,1969-12-31 19:00:01.682293061-05:00
439,kayangel,8.0823,134.7173,301.34,68,87,2.57,PW,1969-12-31 19:00:01.682293061-05:00
440,indaial,-26.8978,-49.2317,293.49,99,35,0.34,BR,1969-12-31 19:00:01.682292957-05:00
441,revda,56.801,59.9303,275.83,95,73,2.08,RU,1969-12-31 19:00:01.682293061-05:00
442,mount gambier,-37.8333,140.7667,290.79,57,0,3.02,AU,1969-12-31 19:00:01.682293061-05:00
443,minas de marcona,-15.2119,-75.1103,291.37,75,1,4.79,PE,1969-12-31 19:00:01.682293062-05:00
444,linkou,45.3,130.2833,280.72,20,0,6.82,CN,1969-12-31 19:00:01.682293062-05:00
445,anyksciai,55.5256,25.1026,283.49,68,21,4.86,LT,1969-12-31 19:00:01.682293062-05:00
446,kuala belait,4.5833,114.1833,300.24,87,54,1.66,BN,1969-12-31 19:00:01.682293062-05:00
447,taulaga,-11.0553,-171.0883,301.76,73,6,3.47,AS,1969-12-31 19:00:01.682293062-05:00
448,massawa,15.6097,39.45,303.02,72,68,0.97,ER,1969-12-31 19:00:01.682293062-05:00
449,tambura,5.6,27.4667,293.44,85,97,1.61,SS,1969-12-31 19:00:01.682293062-05:00
450,okhotsk,59.3833,143.3,275.01,69,99,5.07,RU,1969-12-31 19:00:01.682293063-05:00
451,nagqu,31.5,92.0,266.87,39,81,2.06,CN,1969-12-31 19:00:01.682293063-05:00
452,catbalogan,11.85,124.9167,298.67,87,53,1.43,PH,1969-12-31 19:00:01.682293063-05:00
453,walvis bay,-22.9575,14.5053,290.68,88,100,2.06,NA,1969-12-31 19:00:01.682293063-05:00
454,nar'yan-mar,67.6713,53.087,264.81,93,24,6.33,RU,1969-12-31 19:00:01.682293063-05:00
455,likasi,-10.9814,26.7333,290.01,94,100,1.13,CD,1969-12-31 19:00:01.682293064-05:00
456,vorgashor,67.5833,63.95,261.58,89,100,5.05,RU,1969-12-31 19:00:01.682293064-05:00
457,fujin,47.26,132.0322,280.89,26,13,8.07,CN,1969-12-31 19:00:01.682293064-05:00
458,charters towers,-20.1,146.2667,296.46,63,99,6.42,AU,1969-12-31 19:00:01.682292809-05:00
459,cururupu,-1.8283,-44.8683,297.83,91,100,1.49,BR,1969-12-31 19:00:01.682293064-05:00
460,san mariano,7.5,126.0,299.51,77,66,1.36,PH,1969-12-31 19:00:01.682293065-05:00
461,qamdo,31.1667,97.2333,274.21,49,100,1.84,CN,1969-12-31 19:00:01.682292855-05:00
462,poronaysk,49.2167,143.1167,278.5,48,41,3.95,RU,1969-12-31 19:00:01.682293065-05:00
463,berezovo,63.9381,65.0419,268.07,71,1,5.95,RU,1969-12-31 19:00:01.682293065-05:00
464,grand falls-windsor,48.9332,-55.6649,274.54,93,100,1.79,CA,1969-12-31 19:00:01.682292849-05:00
465,kamphaeng phet,16.25,99.5,301.38,64,97,0.94,TH,1969-12-31 19:00:01.682293065-05:00
466,holualoa,19.6228,-155.9522,300.06,78,0,7.2,US,1969-12-31 19:00:01.682292773-05:00
467,silver city,32.7701,-108.2803,297.13,21,40,5.36,US,1969-12-31 19:00:01.682293066-05:00
468,natal,-5.795,-35.2094,299.51,88,20,2.57,BR,1969-12-31 19:00:01.682293066-05:00
469,ipatovo,45.7181,42.9036,282.55,77,80,3.54,RU,1969-12-31 19:00:01.682293066-05:00
470,koundara,12.4833,-13.3,304.81,19,28,0.83,GN,1969-12-31 19:00:01.682293066-05:00
471,uchaly,54.2996,59.4521,277.81,71,53,2.8,RU,1969-12-31 19:00:01.682293066-05:00
472,rio claro,-22.4114,-47.5614,290.49,71,1,1.27,BR,1969-12-31 19:00:01.682293066-05:00
473,novominskaya,46.3163,38.9586,281.03,87,46,2.93,RU,1969-12-31 19:00:01.682293067-05:00
474,skovorodino,53.9833,123.9167,275.13,38,12,1.41,RU,1969-12-31 19:00:01.682292954-05:00
475,beni amrane,36.6677,3.5912,287.44,63,0,2.31,DZ,1969-12-31 19:00:01.682293067-05:00
476,enkoping,59.6361,17.0777,276.21,93,94,1.59,SE,1969-12-31 19:00:01.682293067-05:00
477,san sebastian de la gomera,28.0916,-17.1133,292.35,77,0,2.06,ES,1969-12-31 19:00:01.682293067-05:00
478,san juan,-31.5375,-68.5364,288.45,68,99,3.77,AR,1969-12-31 19:00:01.682293067-05:00
479,ghazni,33.5536,68.4269,284.32,34,17,0.54,AF,1969-12-31 19:00:01.682293068-05:00
480,naracoorte,-36.9579,140.7383,291.95,51,0,4.15,AU,1969-12-31 19:00:01.682293068-05:00
481,kelme,55.6339,22.9342,284.16,65,22,4.59,LT,1969-12-31 19:00:01.682293068-05:00
482,skowhegan,44.7651,-69.7192,282.84,65,100,3.22,US,1969-12-31 19:00:01.682292819-05:00
483,tara,56.8944,74.371,280.22,85,98,2.81,RU,1969-12-31 19:00:01.682293068-05:00
484,aykhal,66.0,111.5,267.74,92,99,0.88,RU,1969-12-31 19:00:01.682293069-05:00
485,hobyo,5.3505,48.5268,301.82,75,100,4.46,SO,1969-12-31 19:00:01.682293069-05:00
486,carutapera,-1.195,-46.02,298.04,93,100,2.88,BR,1969-12-31 19:00:01.682293069-05:00
487,navirai,-23.065,-54.1906,292.08,95,65,1.7,BR,1969-12-31 19:00:01.682293069-05:00
488,bodo,67.28,14.405,269.23,80,19,3.09,NO,1969-12-31 19:00:01.682293069-05:00
489,maceio,-9.6658,-35.7353,300.84,74,20,3.09,BR,1969-12-31 19:00:01.682292825-05:00
490,the pas,53.8251,-101.2541,279.16,28,0,1.54,CA,1969-12-31 19:00:01.682293070-05:00
491,belawan,3.7755,98.6832,299.31,84,98,1.23,ID,1969-12-31 19:00:01.682293070-05:00
492,arvi,20.9833,78.2333,300.02,50,34,3.31,IN,1969-12-31 19:00:01.682293070-05:00
493,sechelt,49.4664,-123.7694,283.86,90,100,3.89,CA,1969-12-31 19:00:01.682293070-05:00
494,prabumulih,-3.45,104.25,297.07,96,99,0.57,ID,1969-12-31 19:00:01.682293071-05:00
495,lamar,33.6668,-95.5836,287.03,64,100,3.6,US,1969-12-31 19:00:01.682293071-05:00
496,chandbali,20.7833,86.7667,297.69,82,9,2.62,IN,1969-12-31 19:00:01.682293071-05:00
497,ilabaya,-17.4208,-70.5133,292.63,68,5,0.76,PE,1969-12-31 19:00:01.682293071-05:00
498,colon,9.3592,-79.9014,298.98,75,57,2.47,PA,1969-12-31 19:00:01.682293071-05:00
499,kalmunai,7.4167,81.8167,300.17,80,100,2.12,LK,1969-12-31 19:00:01.682293071-05:00
500,lazaro cardenas,17.9583,-102.2,300.66,63,12,3.41,MX,1969-12-31 19:00:01.682293032-05:00
501,isla vista,34.4133,-119.861,301.1,59,0,4.12,US,1969-12-31 19:00:01.682293072-05:00
502,santa elena de uairen,4.6167,-61.1333,292.2,94,100,1.18,VE,1969-12-31 19:00:01.682293072-05:00
503,george town,5.4112,100.3354,299.11,94,20,0.51,MY,1969-12-31 19:00:01.682293029-05:00
504,clarence town,-32.5833,151.7833,295.9,79,98,1.58,AU,1969-12-31 19:00:01.682293072-05:00
505,serdar,38.9764,56.2757,292.98,39,39,3.27,TM,1969-12-31 19:00:01.682293073-05:00
506,vilyuysk,63.7553,121.6247,269.73,85,60,3.36,RU,1969-12-31 19:00:01.682293073-05:00
507,haiku-pauwela,20.9219,-156.3051,300.16,47,20,3.6,US,1969-12-31 19:00:01.682293073-05:00
508,manggar,-2.8833,108.2667,301.26,81,93,1.9,ID,1969-12-31 19:00:01.682293073-05:00
509,puerto armuelles,8.2833,-82.8667,301.14,79,50,1.96,PA,1969-12-31 19:00:01.682293073-05:00
510,ghat,24.9647,10.1728,296.53,24,96,1.72,LY,1969-12-31 19:00:01.682293074-05:00
511,shingu,33.7333,135.9833,289.88,27,89,1.64,JP,1969-12-31 19:00:01.682293074-05:00
512,zhangye,38.9342,100.4517,283.94,46,100,6.38,CN,1969-12-31 19:00:01.682293074-05:00
513,kirakira,-10.4544,161.9205,303.42,68,25,2.88,SB,1969-12-31 19:00:01.682293074-05:00
514,bathurst,-33.4166,149.5806,291.39,66,66,0.45,AU,1969-12-31 19:00:01.682293074-05:00
515,mirnyy,62.5353,113.9611,267.17,57,32,2.29,RU,1969-12-31 19:00:01.682293075-05:00
516,uyovu,-3.2833,31.5258,290.47,99,72,0.57,TZ,1969-12-31 19:00:01.682293075-05:00
517,tineo,43.3376,-6.4145,282.29,96,98,1.26,ES,1969-12-31 19:00:01.682293075-05:00
518,forster,-32.1667,152.5167,295.58,79,94,0.89,AU,1969-12-31 19:00:01.682293075-05:00
519,san luis,-33.295,-66.3356,288.61,81,100,1.68,AR,1969-12-31 19:00:01.682292953-05:00
520,santa cruz,-17.8,-63.1667,298.18,69,40,1.54,BO,1969-12-31 19:00:01.682292842-05:00
521,vinh,18.6667,105.6667,299.15,88,90,0.66,VN,1969-12-31 19:00:01.682293076-05:00
522,saint-pierre,-21.3393,55.4781,297.97,78,0,3.09,RE,1969-12-31 19:00:01.682293076-05:00
523,angahuan,19.55,-102.1833,292.48,26,38,3.66,MX,1969-12-31 19:00:01.682293076-05:00
524,slutsk,53.0274,27.5597,284.08,67,100,2.72,BY,1969-12-31 19:00:01.682293076-05:00
525,alofi,-19.0595,-169.9187,300.09,65,5,6.17,NU,1969-12-31 19:00:01.682293076-05:00
526,omutinskiy,56.4745,67.6709,278.05,92,34,5.95,RU,1969-12-31 19:00:01.682293076-05:00
527,dzuunmod,48.2199,97.3744,266.81,89,82,1.39,MN,1969-12-31 19:00:01.682293077-05:00
528,ares,-6.1944,-35.1603,298.2,85,97,3.69,BR,1969-12-31 19:00:01.682293077-05:00
529,sahar,24.3643,56.7468,302.16,28,95,3.09,OM,1969-12-31 19:00:01.682293077-05:00
530,visby,57.6409,18.296,282.61,100,75,2.06,SE,1969-12-31 19:00:01.682293078-05:00
531,zawiercie,50.4877,19.4168,284.51,74,100,2.16,PL,1969-12-31 19:00:01.682293078-05:00
532,ixtapa,20.7,-105.2,300.5,74,40,5.14,MX,1969-12-31 19:00:01.682293078-05:00
533,sao joao da barra,-21.6403,-41.0511,294.2,77,10,2.52,BR,1969-12-31 19:00:01.682293079-05:00
534,kenai,60.5544,-151.2583,275.2,51,100,6.69,US,1969-12-31 19:00:01.682293079-05:00
535,inirida,3.8653,-67.9239,296.58,98,100,0.66,CO,1969-12-31 19:00:01.682292944-05:00
536,buta,2.7858,24.73,292.95,99,100,0.92,CD,1969-12-31 19:00:01.682293079-05:00
537,trapani,37.8333,12.6667,287.75,88,0,4.63,IT,1969-12-31 19:00:01.682293080-05:00
538,saint-francois,46.4154,3.9054,283.84,82,100,2.06,FR,1969-12-31 19:00:01.682293080-05:00
539,klaksvik,62.2266,-6.589,275.66,63,100,11.52,FO,1969-12-31 19:00:01.682293080-05:00
540,mul,20.0667,79.6667,300.13,61,55,5.06,IN,1969-12-31 19:00:01.682293080-05:00
541,angra do heroismo,38.65,-27.2167,291.49,94,75,7.41,PT,1969-12-31 19:00:01.682293081-05:00
542,moquegua,-17.1956,-70.9353,292.48,61,4,1.22,PE,1969-12-31 19:00:01.682293081-05:00
543,vallegrande,-18.4897,-64.1069,284.8,86,84,0.92,BO,1969-12-31 19:00:01.682293082-05:00
544,bamboo flat,11.7,92.7167,301.03,75,62,1.01,IN,1969-12-31 19:00:01.682293082-05:00
545,nyurba,63.2842,118.3319,268.65,88,78,1.6,RU,1969-12-31 19:00:01.682293082-05:00
546,suoyarvi,62.0833,32.35,273.66,99,99,1.78,RU,1969-12-31 19:00:01.682293082-05:00
547,palu,-0.8917,119.8707,301.08,81,83,1.33,ID,1969-12-31 19:00:01.682293083-05:00
548,muynoq,43.7683,59.0214,288.3,59,12,4.68,UZ,1969-12-31 19:00:01.682293083-05:00
549,puquio,-14.7,-74.1333,283.65,83,40,1.83,PE,1969-12-31 19:00:01.682293083-05:00
550,kinablangan,7.6947,126.5503,301.13,76,80,1.72,PH,1969-12-31 19:00:01.682293083-05:00
551,stiens,53.2623,5.7577,284.25,97,75,3.09,NL,1969-12-31 19:00:01.682293083-05:00
552,mizdah,31.4451,12.9801,286.42,57,31,2.57,LY,1969-12-31 19:00:01.682293084-05:00
553,datong,40.0936,113.2914,278.46,58,88,2.02,CN,1969-12-31 19:00:01.682293084-05:00
554,viedma,-40.8135,-62.9967,290.27,48,0,4.87,AR,1969-12-31 19:00:01.682293084-05:00
555,telsiai,55.9814,22.2472,285.94,60,41,5.87,LT,1969-12-31 19:00:01.682293084-05:00
556,port saint john's,-31.6229,29.5448,292.64,71,86,3.05,ZA,1969-12-31 19:00:01.682293084-05:00
557,suwayr,30.1171,40.3893,299.67,37,98,4.51,SA,1969-12-31 19:00:01.682292958-05:00
558,ambalangoda,6.2355,80.0538,299.49,86,96,0.65,LK,1969-12-31 19:00:01.682293085-05:00
559,paita,-5.0892,-81.1144,298.52,82,100,5.15,PE,1969-12-31 19:00:01.682293085-05:00
560,clarksburg,39.2807,-80.3445,281.51,49,100,2.06,US,1969-12-31 19:00:01.682292979-05:00
561,natchez,31.5604,-91.4032,287.73,67,100,5.66,US,1969-12-31 19:00:01.682293086-05:00
562,howrah,22.5892,88.3103,297.15,88,40,1.54,IN,1969-12-31 19:00:01.682293086-05:00
563,pucheng,27.9233,118.5333,288.32,96,100,1.84,CN,1969-12-31 19:00:01.682293086-05:00
564,bridgewater,44.3835,-64.5155,278.97,85,84,3.09,CA,1969-12-31 19:00:01.682293086-05:00
565,chhuikhadan,21.5333,80.9833,297.86,48,7,0.39,IN,1969-12-31 19:00:01.682293086-05:00
566,birao,10.2849,22.7882,298.16,70,100,4.59,CF,1969-12-31 19:00:01.682293087-05:00
567,khomeyni shahr,32.7002,51.5211,285.72,50,97,0.78,IR,1969-12-31 19:00:01.682293087-05:00
568,pangody,65.85,74.4859,273.32,98,100,6.35,RU,1969-12-31 19:00:01.682293087-05:00
569,hovd,48.0056,91.6419,274.61,45,9,0.54,MN,1969-12-31 19:00:01.682293087-05:00
570,portage la prairie,49.9728,-98.2926,277.55,58,89,3.13,CA,1969-12-31 19:00:01.682293087-05:00
571,shchastya,48.7396,39.2323,280.87,87,64,1.69,UA,1969-12-31 19:00:01.682293087-05:00
572,sao gabriel da cachoeira,-0.1303,-67.0892,296.79,95,66,1.05,BR,1969-12-31 19:00:01.682293088-05:00
573,kalemie,-5.9475,29.1947,293.74,91,85,2.86,CD,1969-12-31 19:00:01.682293088-05:00
574,yarmouth,41.7057,-70.2286,284.41,94,100,5.81,US,1969-12-31 19:00:01.682293088-05:00
575,parabel',58.6978,81.4825,277.39,88,100,5.74,RU,1969-12-31 19:00:01.682293088-05:00
576,argo,37.6333,22.7333,286.92,81,27,1.0,GR,1969-12-31 19:00:01.682293088-05:00
577,sampit,-2.5333,112.95,299.94,85,84,0.46,ID,1969-12-31 19:00:01.682293088-05:00
578,horta,38.5333,-28.6333,290.38,96,100,8.49,PT,1969-12-31 19:00:01.682293089-05:00
